user_id	user_name
1002297	Mulder416sBot
10051648	ClickBot
10075168	TedderBot
10076435	Full-date unlinking bot
1016403	Pathosbot
1017261	Slobot
10190788	Xenobot Mk V
10217519	BogBot
1022055	FairuseBot
1022601	Tawkerbot2
10238234	ContentCreationBOT
10254013	FoxBot
1025753	AIDbot
10260590	LolsimonBot
10262139	KslotteBot
10269385	JatBot
10286712	TobeBot
10290761	B.Zsoltbot
10298222	PhyloBot
1029865	Heikobot
10306785	Luasóg bot
10316319	Ohms Law Bot
10317930	UltraBot
10330367	DixonDBot
10359183	FileBot
1036954	EssjayBot
10383813	KingpinBot
10418193	Collabsearch
10453231	Kumar Appaiah Bot
10476070	MuZebot
10477943	SheepBot
10491674	MacMedBot
10500236	Dinamik-bot
10538926	Porchcorpterbot
10539095	SKbot
10579749	The Auto-categorizing Robot
10581101	CobraBot
10591655	ZhBot
10622600	LawBot
10638141	SvickBOT
10641505	Orphaned image deletion bot
10652038	RobotQuistnix
10690044	SJSFBot
10695163	SJSF-2-Bot
1072102	Planktonbot
1072843	Fetofsbot2
10734943	ChzzBot
1075024	Ganeshbot
1077881	ShinmaBot
1079367	CmdrObot
1083875	Pegasusbot
10841798	JackBot
1093801	PorthosBot
1095541	I,Robot
10977258	Andrea105Bot
10996774	RjwilmsiBot
10998971	MikemoralBot
11020855	TjBot
11025880	SoapBot
11029943	Alph Bot
11040284	SDPatrolBot II
11042379	MichaelkourlasBot
11043239	HappyBot
11048848	Ripchip Bot
11069948	RM bot
11130678	DEagleBot
11143008	RSElectionBot
11187190	WildBot
111945	Topjabot~enwiki
1119493	Soccoro
112114	Pearle
11221843	SandgemBot
1122714	ZsinjBot
11232281	PDBbot
11233090	SharafBot
11243858	CollabRCBot
1124563	Drinibot
11249983	DASHBot
11289455	RepairBot
11292691	BotdeSki
11292982	EmausBot
11315309	Anonymoususerdaily
11340674	WikitanvirBot
11344024	GA bot
1134615	Harej bot
11347793	One bot
11396187	Typebot
11406364	Botlaf
114861	HasharBot~enwiki
11527467	SocksBot
11529654	KittyBot
11566171	7SeriesBOT
1158220	Werdnabot
1161488	WeggeBot
116385	Jumbuck
11678474	EleferenBot
11717116	Livetslott
11745509	DYKUpdateBot
11761861	Gobot5555
11762992	TuHan-Bot
11765907	InactivityEmailBot
11802276	Velociraptorbot
11807180	IndvTbot
11809892	EyeEightDestroyerBot
11810411	CMoonBot
1187248	Tangobot
1188046	CJBot
1188514	MiszaBot
11896659	SurenaBot
11944769	Prabot
11945405	PiRSquared17Bot
11952314	AvicBot
11954575	HiW-Bot
11969601	ZéroBot
12009199	BackfireBot
12009337	BackfireBotII
12018302	ShabBot
1206249	Beastie Bot
12079660	PotatoBot
12089404	SPPatrolBot
12099577	Usyd-schwa-querybot
12110941	Bersibot
12126247	Pranbot
1215485	Cydebot
1216064	NameBot~enwiki
12162641	Fbot
12165478	SpeakerBot
12169187	CrimsonBot
12225015	TorNodeBot
12245623	SagaCookBot
12263795	SunCreatorBot
12284128	VWBot
12293054	FacebookBot
12308086	Ebrambot
12316049	DabBot
12319337	CSBot
12319974	GZ-Bot
12323565	H3llBot
1233919	QovulwBot
12340719	Diego Grez Bot
12351090	SidoBot
12370642	Fixatypobot
12405872	Acebot
12406635	SporkBot
12456259	TFAProtectorBot
12464849	Signpost Book Bot
12471462	AnomieBOT II
1248477	NedBot
12486421	Image Screening Bot
12501772	RaptureBot
12502275	Philosobot
12521900	RapidBot
12529212	DodoBot
12533820	Livetslotteri
12553234	WizardBot
12560517	DeltaQuadBot
12562331	BrokenAnchorBot
12571716	ChrisSalij Bot
12598842	ConnectiBot
12618449	CwengerBot
12628297	AVdiscuBOT
12644577	HydraBot
12646874	Sahimrobot
12652825	Kgsbot
12657917	OpenlibraryBot
12675957	People-photo-bot
12689969	MessageDeliveryBot
12692771	GiftBot
12715311	Δbot
12753459	NerdyScienceBot
1276443	Bookbot
12768723	Armanbot
12801873	MoovidaBot
12824935	Shanbot
12833097	PsBot
12849075	ScottLantz2
1286053	SeventyThreeBot
12871376	Mentibot
12881194	PhuzBot
12897624	WelcomerBot
12912352	People-n-photo-bot
12923076	Hazard-Bot
12925867	QOTDBot
12929566	ChuispastonBot
12931295	"Quote"bot
12945451	TannerBot
12970945	Mindlramibot
12973560	DermBOT
12987063	CleanupListingBot
13009146	KolBot
13009616	DuckBot
1302263	Tawkerbot4
13022980	EdoBot
13041240	HersfoldCiteBot
13062256	WillieBot
13064093	Botones
13078050	Fridae'sDoomBot
13088834	KarlsenBot
13092125	ArticleAlertingBot
13098828	Bean49Bot
13102546	DASHBotAV
1310918	DumbBOT
13110297	BsherrAWBBOT
13122460	Femto Bot
13146235	28bot
13148882	AusTerrapinBotEdits
13177883	Mjbmrbot
13184603	Pokbot
13214415	PC78-bot
1324179	Alaibot
1325938	Slowbot
13286072	ClueBot NG
13314588	CekPotBot
13345453	MotinBot
13347799	WMUKBot
13350630	CactusBot
1335635	Userboxbot
1337329	CitationTool
13387169	Wwbot
13393950	H2Bot
13412007	MoondyneAWB
13460326	ESBot
13462970	Manubot
13476146	CocuBot
13493276	SreeBot
13502069	DpmukBOT
13505376	BlackDart
13505451	BlackDemon2
13512787	Taxobot 1
13534264	AAlertBot
13571824	InfoBot~enwiki
1358905	Ralbot
13599650	UserPageActionsBot
13600931	(1.VSNCT)Bot
13601713	Movses-bot
13628250	MajordomoBot
13628994	Smallbot
13634420	UsbBot
13675452	Cheers!-bot
13685628	GCIBot
13696817	Dibot
13706145	FraBOT
13716768	SLQbot
13722347	Taxobot 3
13722348	Taxobot 2
13722354	Taxobot 7
13722357	Taxobot 6
13739733	Tourjouman05Bot
13743053	Admrbot
13752234	Snotbot
13760114	ReaperBot
13766650	HotArticlesBot
13770078	ListManBot
13798740	MediationBot
13806711	ThreeBot
1385729	BetacommandBot
13898661	ErfgoedBot
1390043	Kingbotk
13912340	Kasirbot
13922443	Rezabot
1392310	Thijs!bot
13939670	NoomBot
1394109	VoABot
13978895	RWHbot
13993093	So-Mr.Z-bot
13993186	AllaSmackBot
14018952	AngelBot
14037661	JeffGBot
14079138	Cwt96bot
14084209	Bonabot
14084680	RichardcavellBot
1410993	CrazynasBot
14161758	MerlIwBot
14203477	Commons fair use upload bot (usurped)
14216826	Helpful Pixie Bot
1423162	Albotim
14259548	Cellistbot
14263445	Petan-Bot
14279773	SCG01Bot
14280511	UcuchaBot
14286554	Martin's bot
14288702	ChzzBot II
14312300	SCGBot
14317165	Project Messenger Bot
14331476	Shoutboundbot
14349911	Amalthea (bot)
14352475	JamietwBot
14367153	PfamWikiBot
14393296	KLBot2
14394459	Bibcode Bot
14413849	CommonsNotificationBot
14440458	ChzzBot III
14442635	Wpp research bot
14488899	Lowercase sigmabot
14489787	EranBot
14501748	Puggansbot
14508071	BG19bot
14587969	ChzzBot IV
14589999	CommonsNotification
14594032	NekoBot
1459904	Babylon5~enwiki
14602944	Snaevar-bot
14612528	WalkingSoulBot
14618730	MauchoBot
14628510	Matthewrbot
14632721	Vagobot
14641272	BendelacBOT
1465663	Fluxbot
14657514	KiwiBot
14660750	WBot17
14662122	ChayitaBOT
14678237	KaldariBot
14682280	ChessBOT
14725502	VibhijainBot
14754365	Dpkbot
14818921	MMABot
14863013	ElphiBot
14867976	HersfoldArbClerkBot
14893258	AvocatoBot
1490313	Jitse's bot
14911194	LoganBot
14915385	Innocent iwbot
14919136	HtonlBot
14948198	NyappyBOT
14967932	Josvebot
14986546	FariBot
15030171	Muhaiminkudou
15043057	TTObot
1504808	RoryBot
15076651	ExpertCommentBot
15077129	CinemaBot
15093225	Amolbot
15135184	Ringobot
15139928	Svenbot
15159758	PointBot
15160393	RollbackerBOT
15163977	InstructorCommentBot
15176414	PrzemuBot
15180382	123Hedgebot456
15181260	IluvatarBot
15240085	NodBot
15242952	Z-BOT
15258444	Emilianogarciag
15261156	AvicBot2
15270283	CitationCleanerBot
15281771	Alirezabot
15288681	Yoni12Bot
15292088	WikiTransBot
15314945	KuduBot
15384490	BolatbekBot
15403144	RjpBot
15403562	SebrevBOT
15449111	DPL bot
15462839	MedcabBot
15478441	Tanqbot
15497956	Autobot
15498444	FWTestBot
15526982	CorenBlockMonBot
1553148	RoboServien
15532331	ArticlesForCreationBot
15538286	AmerigoBOT
1554195	Escarbot
155478	MBot~enwiki
15585618	MnidBot
1559905	Scepbot
15644871	SharedIPArchiveBot
1564757	DigitalmeBot
15652327	AlexandriaBot
15672078	Manishbot
15675663	Mabdulbot
15681496	RscprinterBot
15687629	Wikignome
1571476	MarshBot
15716204	Knedlik-Pod
15721048	Caypartisbot
1572537	Tullbot~enwiki
1574574	AntiVandalBot
15746028	Minsbot
1575512	RobotG
15766305	Aplikasi-Bot
1577873	WinBot
15800598	AswnBot
15810708	Vinne2.bot
15841263	DougBot
15873603	LantayBot
15876253	Mendeleevbot
15893400	CeraBot
1590000	Scsbot
1592577	Alertbot
15929118	Kumi-Taskbot
15934865	Invadibot
1594180	Yrbot~enwiki
15945044	Sn1pebot
15949176	DrTrigonBot
15990950	FeedBot
15995702	Computermacgyverbot
15996738	BattyBot
15996965	FroggyBot
15998120	ZscoutBot
16001004	WikiWelcomer
1600866	Robthbot
16029328	AddihockeyBot
16038205	Justincheng12345-bot
16043859	Image-req-proj-bot
16060379	Botrie
16073712	PCbot
1611616	Erwin85Bot
16146895	SprinterBot
1615507	CyroBot~enwiki
16159125	SeveroBot
16178345	Ethen12bot
1618012	Apostrobot
16185576	DarafshBot
16202189	MahdiBot
16207573	TeoBot
16266655	Cyberbot I
16283737	EaglesBot
16283967	Cyberbot II
1629508	SgtDrini
16297849	EdinBot
16305967	Whymbot
16335598	Mmbot
16342078	Metriki
16362478	DschwenBot
16371330	KidsBot
16377038	PALZ9000
16392760	MetrikiBot
16400314	TPBot
16428237	YFdyh-bot
16458921	EnzaiBot
16459962	SD5bot
16469447	BaseBot
16529866	BlevintronBot
16545025	DanhashBot
16571950	Dedebot
16579479	LioneltBot
16596082	HostBot
16596343	JYBot
1671506	Alphachimpbot
16737026	Lowercase sigmabot II
16742474	VedeBOT
16752040	Dexbot
16753359	TronBot
16753366	SimoneBot
16769134	SantoshBot
16847903	Joe's Null Bot
16853007	Hmainsbot1
1685358	MichaelBillingtonBot
16862401	$amSpadeBot
16887700	TowBot
16907102	DipankanBot
16922656	AniBot
16954319	PavloChemBot
16966957	TAP Bot
16969299	Makecat-bot
16979336	Ryan Vesey Bot
17003997	Cerabot~enwiki
17023688	YasBot
17063529	Imbot1
17066341	OctraBot
1710275	OldMedcabBot
17103313	SocialBot
1710388	Tawbot~enwiki
17132340	Kolega2357-Bot
17137452	HueSatLumBot
1716311	TuvicBot
17164356	JBradley Bot
17215358	VIAFbot
17215410	MaatyBot
17216044	RMCD bot
17220461	CorenProxyBot
17243272	StubSyncBot
1725149	JAnDbot
17258942	Ryan-Bot
1726768	XyBot
17282717	ArticleListBot
17310692	SteenthIWbot
17315072	Dasschaefchenbot
17334623	FahBot
17371573	Tom's Tagging Bot
17379646	Italic title bot
17413404	TortoiseBot
17421371	ThundaBot
17423885	Joe's Olympic Bot
1743889	Fritzbot
17476637	ONKbot
17480081	Stefan2bot
17518500	Lowercase sigmabot III
17527802	ProgreSS
17538700	RotlinkBot
17556402	NathanBot
1756359	AP.BOT
17583459	CalakBot
17598487	StillwaterBot
1760878	WdefconBot
17618749	BraincricketBot
17622870	Vinebot
17637025	Razibot
17643303	HawkEyeBot
17676642	Shuaib-bot
17692124	WolfBot
1769948	AZPR
1771002	Wherebot
17728316	Fajrbot
17758204	Helsabot
17771932	HairBot
1778819	BOTepho
1782903	BotChristophe
17848652	Tahir-bot
17853614	PereBot
17911900	Theo's Little Bot
17926668	Gabriel-Bot
17963495	AnkitAWB
179808	Edbot~enwiki
17983901	ContinuityBot
17996972	MetapointBot
1800430	GurchBot
1802799	XaxaBot
18054198	AnkitBot
18058143	EberBot
18079505	CurtaintoadBOT
18088698	SpreadthesignBot
1809622	Grafikbot
18112043	H.b.shbot
1811376	Dark Shikari Bot
1811786	RebelRobot
18124951	JohnFLBot
1814403	AlaibotToo
18146892	LyricsBot
18150126	VoxelBot
18167552	Yetanotherbot
18187505	ZadBot
18200693	ArshavaBot
1822420	MSBOT
18228986	YansearchBot
1825826	CbmBOT
18280838	ZkBot
18285766	The Anonybot
18289815	RileyBot
18342849	SAMI.Bot
18351101	FischBot
18387056	SpaceFactsBot
1839348	.anacondabot
18437992	SamoaBot
18480788	Mutleybot
18493089	Merge bot
1849952	TrionaBot
18506875	Chartbot
1852294	BlueRobot~enwiki
18559960	Natig98bot
18653870	FloBot
18658727	AFCbot
18663209	ArmbrustBot
18671567	AlanBOT
1879647	VoABot II
18823148	WxBot
18835496	BracketBot
18835704	Etherbot
18959080	ThetaBot
18965710	IPLRecordsUpdateBot
18984730	TFA Protector Bot
18992530	Patrick87-Bot
19008292	HhhipBot
19071418	FixDateBot
19075654	ScriptNastaliqBot
19079250	1VeertjeBot
19090830	YiFeiBot
19137723	AftabBot
19148886	Descriptioncreator
19171482	SoupBot
19171947	YpnBot
19224014	MoohanBOT
19238806	AstRoBot
19266408	CultureBot
1928747	TARBOT
19342213	레비:봇
19347002	AFCHBuddy
1936296	Kungfubot
19392737	HasteurBot
1945239	Soulbot
19483776	TyAbot
19501863	BlakesBot
19512685	DavidLeighEllisBot
1958245	DraiconeBot
19606835	Dcirovicbot
1964225	DinojermBot
19708204	RaBOTnik
197223	Nobot~enwiki
19756919	WPPageListBot
19788657	CLT20RecordsUpdateBot
1979668	The Anomebot2
1980571	SwiftBot
19824974	Atobot
198291	Kakashi Bot
19850724	Gabrielchihonglee-Bot
19873206	SchuBota
19895351	Mdann52 bot
198990	Sandbot
19921930	NeechalBOT
19985545	HBC AIV helperbot11
20012890	TecBot
200235	Grammarbot
2003781	BazookaBot
20038479	PoplLyricsBot
20056178	InceptionBot
20060800	TechniqueBot
20088696	ReferenceBot
20095134	NationalRegisterBot
20148546	MarmaseBot
20172023	Guoguo12Bot
20180976	MessengerBot~enwiki
20181147	MediaWiki message delivery
20184179	IDbot
20239690	BasketBallStatsBot
20239988	DiyarBot
20288980	Jakebot
2030868	MetsBot
2032569	BoBot
20339170	MathoBot
20390695	AntidereBot
2041210	AsgardBot
20465767	RHbot
20483999	Monkbot
20487133	AttributionBot
2050503	Perebot~enwiki
20508187	AmigaBot
20508333	AnomieBOT III
20560700	Revibot
20561302	EthicalBot
20585603	Bot1058
20610891	TwsxBot
20611691	Filedelinkerbot
2073002	Kirkbot
2075237	Cronbot
20822115	GMDBot
20828417	ASammourBot
20859532	RagesossBot
2086925	PortalBot~enwiki
2108051	Longbot
2111501	Elissonbot
2112280	StatsBot
21155623	StradBot
21280110	126Bot
2135003	Halibott
21360213	AGbot
21394347	DefconBot
21458563	EnDecoderBot
21487250	DRN clerk bot
21496455	CleanupWorklistBot
21506137	MohandesBot
21527109	EnterpriseyBot
2153130	DinoBot
216645	ABot
21685654	T13bot
21731873	MilHistBot
2176208	Riccardobot
21766727	Rovibot
21809989	Mdann52 IMG bot
21948411	PostOnTalk
2198658	MartinBot
22045933	ExpertIdeasBot
2206880	Bot523
2206974	STBot
2218388	BetBot~enwiki
2230472	Sagabot
224169	Kurando-san
2246375	KarBOT
22514	IsraBot
2253149	Bocianski.bot
2255142	CopyToWiktionaryBot
22676357	SourceArchiver
22677397	Roccerbot
226882	RCBot~enwiki
22689343	FACBot
2275697	Botz~enwiki
2278882	Sgeo-BOT
22808024	GameSpot-Eng-Bot
22828959	BatreeqbotPro
22869292	RobinHood70Bot
228773	FlaBot
22944452	Danilo.bot
22949632	Munjabot~usurped
22992123	John of Reading Bot
22995048	Portal box bot
2304267	CommonsDelinker
2313330	AMABot
231599	Eubot
23170514	SplineBot
2321979	ArticleGrinder
23235858	Demibot
23303609	Flow talk page manager
23355559	StanfordLinkPredictor
23378134	StanfordLinkBot
23396063	EnzetBot
234358	Mathbot
235069	Margosbot~enwiki
23535278	JhealdBot
236211	JdforresterBot
2363800	MalarzBOT
23646674	Cewbot
2367158	Eybot~enwiki
23704052	MABot
2378222	FANSTARbot
23801718	CommonsDelinquent
23828164	GilerBot
2394261	PlangeBot
239574	NekoDaemon
23982304	AldnonymousBOT
23984893	Tokrkbot
2401117	TawkerbotTorA
24012279	Ops Monitor (WMF)
24022877	JThorneBOT
24115321	DataflowBot
2412310	TorBlockingScript
24128746	MHP07Bot
2424884	DomBot
2433582	KyluBot
24354464	Reports bot
2437887	RefDeskBot
24420788	KasparBot
24437448	ThePhantomBot
24464201	SocietyBot
2450100	Yonidebot
24508558	CategoryWatchlistBot
24510238	Jerodlycett-autobot
24578776	KoehlBot
24579398	DanKoehlBot
24649005	TheMagikBOT
2466321	LostBot
24666344	ProtLinkbot
24684472	MusikBot
24704726	Rangerbot
2475503	Torbot
2476645	MartinBotII
2479333	Skumarlabot
24794120	Maintenance script
24870543	B-bot
2490128	Reedy Bot
24926000	Babylon5
24958243	Luke081515Bot
25088394	ListeriaBot
25119607	Tulsibot
25180159	BD2412bot
25261	Robbot
25356847	Humbot
2549479	Selmobot
25563976	ShrugBot
2556697	Bot-Schafter
25593488	EsquivalienceBot
25646783	WikiProject Notification Service
2572294	LordAnubisBOT
257365	WouterBot
2574114	MediaWiki default
2574778	Wikimapiabot
25756079	Bot24
25773580	RaftaarBot
25779248	NoclaimsBot
2586319	TheJoshBot
2587417	TaeBot
25878531	KharBot
25894760	Abotzi
259798	Chobot
25993922	BU RoBOT
26113707	EgressBot
26118793	Community Tech bot
26144973	EllisBot
263608	Gdrbot
26428688	ExodusBot
26462780	Genderlessbot
26489545	Xphoisbot
26516192	SupBot
2654847	AntiSpamBot
2657584	RoboMaxCyberSem
2662409	Walkcair
26805746	FastilyBot
2683204	WillowBot
26914397	Bobergerbot
26977989	FolksourceBot
2699367	DallasBot
27015025	InternetArchiveBot
270244	Roboto de Ajvol
27077959	JarBot
27103096	TaskForceBot
271058	YurikBot
27113780	SSTbot
27127663	VegetableBot
2713249	SmackallBot
27170057	CpiralBot
27244859	Lonjers french region rename bot
2732178	ArmadilloProcessBot
273237	RobotE
27373269	Jnanabot
27397448	Maathavanbot
2739803	Geimas5Bot~enwiki
27412292	ProjectRequestedPagesBot
2744412	Peelbot
27446209	JJMC89 bot
27493731	Wargo32.exe
27537627	SageBot
27642869	Nyubot
2766644	MazinBot
27823944	GreenC bot
2784935	TottyBot
27863300	LambdaBot
27920258	OmniBot
279219	RussBot
2796964	STBotD
2798557	PockBot
28222058	UTRSBot
28239485	Antigng-bot
28247832	AndymwBot
28359350	NihiltresBot
28414977	GIBBot
2842385	Botx
2844817	DorganBot
28451860	CanaryBot
28481209	OAbot
2854994	StubListBot
28586141	DYKReviewBot
2860054	Danumber1bot
28623953	RemindMeBot
2866290	Mihas-bot
28684638	DemocraticsBot
2870644	SashkoBot
28743524	Athikhun.suwBOT
28761665	GTBot
2885456	ListGenBot
28884369	JaguarBot
2888951	MartinBotIII
28903366	Bender the Bot
2893655	HagermanBot
2897456	AndreasJSbot
29088686	DatBot
29091978	KMLbot
2910286	IdeoBot
2913411	DarioBot~enwiki
2926201	Dillonbot
2931270	Tadas12-bot
29346299	Captainraju1Bot
29355903	Saadkhan12345.bot
29432800	Navi-bot
29449374	CurlyBot
29463730	PrimeBOT
2948166	Blood Oath Bot
29539620	MusikBot II
29573370	Cartridge-bot
29576965	JoelHelperBot
29639097	ZackBot
2964546	Idioma-bot
29669753	BacDiveBot
29688499	Nerd0017
2969491	PocKleanBot
2970834	Jsgray1993
29738386	TrustMeImAIRobot
2975620	HBC Archive Indexerbot
2976602	SatyrBot
29808381	GPHbot
29819627	WugBot
2984589	Jmax-bot
29943393	LourdesBot
29966027	Ramaksoud2000Bot
30055631	Quarrybot-enwiki
3007523	Jayden54Bot
30082043	Doombot
30186721	Nothingbot
30247369	JJMC89 bot II
30282421	LuisBot01
303026	SEWilcoBot
3035831	VolkovBot
30363730	ToolWikiBot
3044153	Xcbot
30498975	RonBot
30519056	MinusBot
3074935	WereallalrightBOT
3088315	TraBot
3091606	BezkingBot
3091722	BezkingBot-Link
3095086	CleanBot
3096236	TLAbot
3096998	AlnoktaBOT
3098034	Shadowbot2
310830	Mgmbot
3109161	MenasimBot
3109853	ShakingBot
3115531	Kyle the bot
3131868	ProtectionBot
3131993	VixDaemonBot
3137323	WarddrBOT
3145267	DarknessBot
3152359	PNG crusade bot
3154886	HBC AIV helperbot
3171056	STTWbot
3171782	TXiKiBoT
3183739	AnchorBot
3188459	GimmeBot
3191675	SoxrockBot
3199195	PikminBot
320591	Speedybot
3207999	PattyBot
3210318	DeleteAsstBot
3213831	Thadius856AWB
3230114	RFC bot
3235383	NovBot
3236748	A4bot
3242927	Dinybot
3258344	Rei-bot
3264021	Jogersbot
3295223	NilfaBot
3304981	BJBot
3320708	Rob110178bot
3322075	PvssBot
332929	Zwobot
33417	Wikibot
3349824	Sdebot
3364885	AlexNewArtBot
338065	BOT-Superzerocool
3383237	SelketBot
3398850	JhsBot
340703	SecuniBot
3409125	DyceBot
3410049	Broadbot
341052	Bota47
3437172	^demonBot2
3443394	PraetorianCheese
3446293	HBC AIV helperbot2
3447543	HBC AIV helperbot3
3452245	PDFbot
3453363	McM.bot
3455093	WP 1.0 bot
3455576	Staeckerbot
3467218	Snowbot
3479822	BotKung
3524521	STBotT
3573773	UncatTemplateBot
360893	Sumanthk
363570	SubstBot~enwiki
3658625	Synthebot
366481	Uncle G's 'bot
367234	N-Bot
3677066	VeinorBot
367880	Lt-wiki-bot
3683477	RBot~enwiki
371906	Pfft Bot~enwiki
3729068	BOTijo
3729175	BrownBot
3732271	BotanyBot
3737405	Ocobot
3737697	MiszaBot II
3737703	MiszaBot III
3746172	Antischmitzbot
3748528	MediationBot1
3755266	Sumibot
3759076	DRVBot
3774638	NW557Bot
3791559	DieBucheBot
3797869	MiszaBot I
3813685	AlleborgoBot
3824077	KevinalewisBot
3827324	VeblenBot
3838954	FearBot
3839658	NolBot
3856767	MMOGMailMan
3857230	Shadowbot3
386266	Andrewbot
3862802	BAGBot
3864603	Fettgesicht
3865244	MMOGMailBot
3891047	EmxBot
3903011	Spelian
3923034	Madhubot
393532	Whobot
3938356	AdambroBot
3951437	AccReqBot
3971736	DvyBot
3975649	WODUPbot
397664	Curpsbot-unicodify
3991663	ProteinBoxBot
3999233	O bot
4005189	SieBot
4048622	COIBot
4056354	YonaBot
406717	Uncle G's major work 'bot
4080734	BotMultichill
4082686	ToePeu.bot
4099039	VVVBot
4102994	MartinBotIV
4105298	KrimpBot
4112738	Gerakibot
4114706	Phe-bot
4115821	Rick Bot
411872	GrinBot~enwiki
412663	AFD Bot
4129421	BirthdayBot
4133660	GeorgeMoneyBot
4169926	Lucasbfrbot
4189014	JabbaTheBot
4198854	QualiaBot
421426	タチコマ robot
4215433	BotCompuGeek
4232465	GeorgeMoneyBot-status
4238630	StatisticianBot
4246875	Purbo T
4259316	Mcrbot
4260898	Mr.Z-bot
4262501	Tuonela
426903	Nichalp-bot
4280364	TonyBot
4293505	Rabbot
4304116	Android Mouse Bot
430793	KnightRider~enwiki
4313181	KhunterBot
4313723	PolarBot
4325385	AccReqBot2
4328888	Hxhbot
433328	SmackBot
4334938	HiDrNickBot
4350739	Le Pied-bot~enwiki
4366495	HBC NameWatcherBot
4373711	ArkyBot
4383389	Android Mouse Bot 2
4406090	DalcherBot
4424264	Byrialbot
4433364	EdBot
4441895	Android Mouse Bot 3
4457604	Xibot
4467865	Numptybot
4470916	Aksibot
4477315	Polbot
4490213	RBSpamAnalyzerBot
4496512	EBot
4496519	EBot II
4499599	ENewsBot
4502350	R Delivery Bot
4502708	DinoSizedBot
4530215	DeadBot
4531576	ACBot
4534303	PbBot
4536399	Android Mouse Bot 4
4536516	BenoniBot~enwiki
4540091	Stwalkerbot
4547859	Goalkeeperbot
4549258	AstraleBot
4550951	DisambigRedirBot
4551104	COBot
4553418	DanielBot
4555645	GracenotesBot
4556419	AMbot
4559826	SpellCheckerBot
4559949	OKBot
4561414	InsideoutBot
4567434	RobinBot
4568569	Seedbot
4570495	GrassnBreadBot~enwiki
4579728	AutocracyBot
4594058	Maelgwnbot
4598477	MadmanBot
4600310	Lcarsbot
4635052	N96bot
4640199	Kobotbel
4641655	SmeiraBot~enwiki
4649260	TEMPbot
4653467	Anchor Link Bot
4673894	AfdlBot
467651	KocjoBot~enwiki
4696832	SpebiBot
470377	CollabBot
4709323	OverlordQBot
4719670	TypoBot
4720801	PhiloBot
4724573	Ken123BOT
4729200	BoxCrawler
4746784	SQLBot
4757703	Jonjonbot
4766377	Anibot
4771395	RonaldBot
4773966	JL-Bot
477460	Eskimbot
4790146	NrhpBot
4790306	EchoBot
4796444	KiloBot
4796678	Langbot
4796864	MedcabBot2
4806773	Chem-awb
4809696	ShinBot
484830	RobotJcb
4851336	ImageRemovalBot
4870335	Cherybot
4877205	EddieBot
4885767	SdBot
4887713	Chris G Bot
4899266	MenoBot
4901395	WikiBotas
4918763	The wubbot
4919078	Seedbot2
4919900	Apocatequil~enwiki
4928500	ClueBot
4936590	SineBot
4952176	HujiBot
4970884	GBenemyBot
4984067	PipepBot
4999226	LolBot
5000730	StatusBot
5012529	LanguageBot
5014074	CorenSearchBot
5019717	ARVBot
5020067	STBotI
5021866	BioPhotoBot
502295	Commander Keane bot
5023582	Jbawt
5026080	GrooveBot
5034245	InterwikiConversionBot
5041398	BryanBot
5042976	CleanupBot~enwiki
5048966	BoricuaBot
5060940	FixyBot
5067653	Xwbot
5067672	Taxobot (usurped)
5071263	ArbComBot
508788	KhiviBot
5088029	PhotoCatBot
5088811	VsBot
5111608	CSDWarnBot
51129	NohatBot
5121541	HBC AIV helperbot4
5121843	HBC AIV helperbot5
5123496	ClueBot II
5128040	Fobox
5130241	FMAFanBot
5132189	Chrisbot
5145528	Giggabot
5160136	CosineBot
5160832	EyeBot
516444	Mairibot
5167687	Valhallasw-bot
5174570	Botodo
5177705	Kl4m-AWB
5178556	Taxobot
518239	Crypticbot
5184134	ClueBot Commons
5192717	Latexbot
5197800	JVbot
5207410	ClueBot III
5213657	SkiersBot
5245488	AlptaBot
5256666	AlptaSandboxBot
5263254	Panicbot
526359	Roomba
5265050	ClueBot IV
5272864	CounterVandalismBot
5277842	Kotbot
527862	Bluebot
5316354	StigBot
5325161	Chris G Bot 3
5330542	PsychAWB
5340240	Ficbot
5374489	VisualizedConceptsBot~enwiki
5375009	ChandlerMapBot
5392880	HMBot~enwiki
5415725	718 Bot
5417770	BannerBot
543622	Rschen7754bot
5450947	Kaspobot
5466012	DragonBot
5478094	OrBot
5478189	Detroiterbot
5503687	CohesionBot
5505512	PmegBot
5508214	DusterBot
551172	Wikipedia Signpost
5512121	CapitalBot
5517884	Alexbot
5528272	EagleAstroidBot
553296	MalafayaBot
5561628	NeraBot
5570079	PixelBot
5572102	CloudNineBot
5584160	PxBot
5592739	DeliveryBot
5595074	R. Hillgentleman
5601601	HiTeCBot
5611431	ChoreBot
56242	UgenBot
5631098	TemplateBot
5642077	Estirabot
5669015	WelcomeWikiBot
5679624	AZatBot~enwiki
5690961	Wpcat
5698071	Jwbot
5701402	SelectionBot
5705116	DoyleyBot
5725039	Jotterbot
5727164	ImageBacklogBot
5735646	MadMarkbot
5736102	WenliBot~enwiki
5737366	BHGbot
5750625	John Bot
575307	DHN-bot~enwiki
5766757	JJBot
5778232	ImageBot
5786250	TorBot
5786648	QstBot
5787719	SoxBot
5830346	Xubiquitous
5832219	AfDBot
5837625	DreamBot
5847583	MoondyneBot
5849026	Muro Bot
5849844	PasabaUnBotPorAqui
5866303	ImageTaggingBot
5870361	BOTarate
5875093	El bot de la dieta
587779	CricketBot
5888460	LuddsBot
5924603	SkylinBot
592517	StefanBot
5927777	CAGBot
5936301	SlakrBot
5955988	Autotitlechange
5964205	FloggerBot
5970512	ExpireBot
5970888	EBot III
5980974	JMuniBot
5984742	Sigmabot
5989003	Swindbot
6012350	PaievBot
6014777	HarrivBOT
6016683	Phoenix-bot
601940	Tsca.bot
6019534	MelonBot
602315	Bot-chan~enwiki
6027743	SoxBot II
6032996	Edmundobot
6040088	SoxBot III
6045156	WASDbot
6052982	Botalex
6055023	UnCatBot
6067097	MastersBot
6085301	DumZiBoT
6091710	JonathanBot
6100386	Darkicebot
6110843	Naohiro19bot
6114458	Wikinews Importer Bot
6120	Rambot
6126668	MonoBot
6131653	CorenANIBot
6147147	Pparazorbot
6158447	RFRBot
6163802	XLinkBot
6164758	Lockalbot
6197466	Jonny-bot
620581	Chlewbot
621721	OrphanBot
6228552	BodhisattvaBot
6233198	Coreva-Bot
6245230	ProjectBot
624606	KaiserbBot
6255927	Botpankonin
6272069	EmailBot
6275510	IPTaggerBot
627574	SuggestBot
6276006	BotSottile
6280278	CG-bot
6290400	PseudoBot
630810	AzaBot
6316599	Comics-awb
6322261	BaldBot
6327251	HBC AIV helperbot7
6338303	SolumeirasBot
6339071	Kwjbot
6351353	SilvonenBot
6352359	Kal-El-Bot
6371308	HBC AIV helperbot 8
637745	Maksim-bot
6380178	StormBot
6388335	YeltsinfanBot
6424168	MystBot
642632	Wookbot
6430794	EFixBot
6442961	Commonb0t
6446225	ClanBot1
6447875	YekratsBot~enwiki
6448407	Tadasubot
6456299	ElMeBot
6467564	EBot IV
6471211	Bikabot
648410	SundarBot
6484646	Iswatchbot
6489323	John Bot III
6497177	FlagBot
6505923	Kbdankbot
6534690	JoshurBot
6538556	AWeenieBot
6546781	PostBot
6549832	SoxBot IV
6551663	WanderBot
6552142	Albambot
6569922	Addbot
6601465	Non-Free Content Compliance Bot
6630658	Newsletterbot
6632463	CerebrumBot
6652755	DOI bot
6671961	Pageview bot
6678853	GargoyleBot
6687179	ImageResizeBot
6714695	SpamReportBot~enwiki
6716301	RCI~enwiki
6735567	Llamabot
6743878	BLPWatchBot
6754156	EjsBot
6756213	AkhtaBot
6761057	RyRyBot
6771835	LatitudeBot
6773085	SpellingBot
6773911	Tanhabot
6779550	Smartbot
6808376	LerdsuwaBot
6809185	MagnusA.Bot
6818174	SQLBot-Hello
6831612	Diligent Terrier Bot
6840012	IainadamsBot
68471	Sethbot
6850217	KingRbot
6861762	SpillingBot
6867938	MBisanzBot
6883755	SMS Bot
6891585	NjardarBot
6913650	MrVanBot
6913867	Eivindbot
6917606	LaaknorBot
6918533	MfDBot
6925813	H92Bot
6929011	CarsracBot
6932179	ShepBot
6937400	BepBot
69458	AngBot
6946612	SoxBot V
6963134	Navibot
6986250	AndersBot
6989881	WhiBot
6990130	FiriBot
6998585	Nguoimay
699909	DFBot
7000197	DividingBot
7013194	ChenzwBot
7014334	Ir4ubot
7016748	SpBot
7020891	Ginosbot
7027852	SamatBot
7029070	LinkFA-Bot
7039236	ClueBot VI
7039673	ViskonBot
7048732	SteveBot
7049166	SoxBot VI
7049876	Rtz-bot
7059455	PeerReviewBot
7071878	Peti610botH
7074530	Milk's Favorite Bot
7075090	FractalBot
7077167	AsenineBot
7082157	Kisbesbot
7092152	TarHippoBot
7107089	ScanDot
7118326	Numbo3-bot
712009	Wybot
7125835	Bot0612
7128788	DinoBot2
7140592	FritzpollBot
7147611	Town-bot
7152369	FlBot
7155532	Denbot
7165030	SoxBot VII
7170257	SoxBot VIII
717464	RefBot
7178666	Lightbot
7192839	WuBot
7193144	AHbot
7195216	SoxBot X
7198807	PanzerBot
7202658	BarkBot
7209457	ZedlikBot
7212731	TinucherianBot
7218328	Zorrobot
7221255	WikiDreamer Bot
7225622	Xenobot
723279	Ligulembot
7246336	CountryBot
7250546	HerculeBot
725128	TPO-bot
7254738	WolterBot
7267376	NNBot
7268893	Swimmingbot-awb
727408	Vina-iwbot~enwiki
7294931	VP-bot
7302634	DrFO.Tn.Bot
7304691	Legobot
7310603	PlankBot
7320905	Luckas-bot
7328221	MifterBot
7328338	Yobot
7355879	Ptbotgourou
7359933	TaBOT-zerem
7369635	RockfangBot
7370097	RelistBot
7374448	ShakataBot
7375508	Legobot II
7377957	CheMoBot
7385875	PinpointBot
7389664	Naudefjbot~enwiki
7390477	Amirobot
7423137	J Milburn Bot
7423544	Enrichyourmind
743015	SashatoBot
7431769	WPArkansas Bot
7449496	WilhelmBot
7455359	Riad.Bot~enwiki
7466563	Nallimbot
7468741	CakeBot
746876	G-Bot~enwiki
7471034	Milk's Favorite Bot II
7481014	Disambot
7482664	MartinBot4647
7482776	AmeliorationBot
7490646	KamikazeBot
7498787	Vini 17bot5
7501352	Prombot
7512150	RefSpaceBot
7513046	AdminStatsBot
7514878	SharkDBot
7523687	Redirect fixer
7536205	Anybot
7539788	TestEditBot
7541422	Plasticbot
75561	D6
7580743	Pp-bot
7582204	SVGBot
7584026	EnigmaBot
7586604	Emijrpbot
7594340	Danielfolsom2.bot
761101	Sambot
7611264	AnomieBOT
7629416	GoatBot
7639874	SamuraiBot
7641470	Bolling26
7653600	PlacenamesBot
7661631	Rubinbot
7669720	NVS(bot)
7671243	AilurophobiaBot
7672500	Jeremybot
7673795	BotMultichillT
7683663	MerlBot
7688112	SynBot
7688536	Nixbot
7713040	JackieBot
7716793	AloysiusLiliusBot
7722125	SusBot~enwiki
7738678	Lucia Bot
7780295	Sz-iwbot
7785638	ARSBot
7817601	ThorBot
7822573	ArticleAlertbot
7826260	Zxabot
7855597	JaskaBOT
7903804	Citation bot
7977711	AlyBot
8001475	ArthurBot
8002405	Einsteinbot
8008198	DirlBot
8009601	GnawnBot
8026327	Analphabot
8034284	Homobot
8035293	BrackiBot
8038968	CERabot
8041565	Itubot
8047153	Rfambot
8051883	MifterBot I
8057705	MPUploadBot
8058568	Obersachsebot
8064063	MauritsBot
8066546	Xqbot
8066952	DustyBot
8076065	Edoderoobot
8084476	Nomenclaturebrowser
8092303	TinucherianBot II
8107847	CategoryBot~enwiki
8108756	Luuvabot
8134501	MayorofrosharonBot
813941	VandalCountBot
814230	Botryoidal
815650	RoboDick~enwiki
8163269	AudeBot
8166318	DYKadminBot
8175416	IcalaniseBot
8177722	GrashoofdBot
8192990	W950712Bot
8214695	LOLibot
8218911	TechBot
823605	Syrcatbot
8238297	Zeronosayoukubot
8260451	DSisyphBot
8272013	XZeroBot
8283056	DYKBot
82928	Guanabot
8299385	BotPuppet
8305460	Trailbehind-bot
8311309	CwraschkeDataBot
8317012	3RRBot
8325885	FaleBot
8331296	NeuRobot
8335974	Loveless
8356197	DavidWSBot
8358636	Hockeybot
836370	Xiaogiabot
8366298	Japbot
8391156	Aibot
8400818	Almabot
84087	LupinBot
8427161	Hintssbot
8432038	Simplebot
8433487	RoggBot
8435267	DeadLinkBOT
8439840	SLMSBot
8453292	GrouchoBot
8464632	XLerateBot
8471851	AVBOT
8488027	JagRoBot
8509726	WikiStatsBOT
8512209	OrophinBot
8514163	ProtectionTaggingBot
8537456	Englishbot
8545370	Philosopher-Bot
8561280	SPCUClerkbot
8572706	MixBot
8574593	RibotBOT
8578431	SassoBot
8579183	AiuwBot
8589215	JerryBot
8601040	FlutefluteBot
8605090	NobelBot
8616382	SpammerTrapBot
8623336	Pattonbot
8632427	AllieBot
8642077	LA2-bot
8654352	TrBot
86545	Guanabot2
8655632	LivingBot
8663327	BlackpoolFCBot
8675237	Locobot
8677073	AntiAbuseBot
8691826	Lunabot
8702745	ClerkBot
8719212	Arbitrarily0Bot
8721539	GhalyBot
8729652	MerlLinkBot
8760229	ProcseeBot
8777565	RFC posting script
8782565	AwOcBot
87916	DcoetzeeBot~enwiki
8803232	WebCiteBOT
8821540	AfDStatBot
8889502	Erik9bot
89080	KevinBot
8908655	Thehelpfulbot
8921183	Robert SkyBot
8962995	BorgardeBot
8964326	Legobot III
8988477	LSG1-Bot
900789	Bot-chan-II
9021902	FrescoBot
9034037	MandelBot
9037732	SireBot
9047641	JCbot
9062536	GaemariBot
9067940	EpopBot
9082558	BücherBot
908518	Zorglbot
9089258	LucienBOT
9104919	BernsteinBot
91310	CanisRufus
91361	BenjBot
9152906	ReigneBOT
9159947	HersfoldBot
9163626	WaldirBot
9176333	FPBot
9201969	ListasBot
9202675	BumlaBot
9215813	CataBotTsirel
922334	Tawkerbot
9266905	UnitBot
9274371	D'ohBot
9282528	Prof.Bot.1
9304486	CiteFixBot
931714	Afkbot
9332754	MGA73bot
9342863	DatabaseBot
9344192	Int21hBot
9352327	Robotic Garden
9353149	WoodwardBot
9369556	MCBot
9374741	Interwikis
9377106	CaraBot
9397861	DownloadBot
9406869	DustaBot
9408045	JaGaBot
9423469	EarwigBot I
9446222	BenzolBot
9466074	AlekseyBot
946823	LDBot
9469526	XeBot
9472257	Egmontbot
9478351	Citation bot 2
9494160	Louperibot
9495007	AEBot
9527245	MenoBot II
9530320	SVnaGBot1
9536040	OgreBot
9540157	Citation bot 1
9540158	Citation bot 3
9540159	Citation bot 4
9545899	GeniusBot
955432	Fetofsbot
9556365	CSDCheckBot
9563533	EarwigBot
958590	JoeBot
9594026	Yet Another Redirect Cleanup Bot
9614029	M-Bot
9618947	AstaBOTh15
9629838	DrilBot
9688107	Orphaned talkpage deletion bot
9698374	DYKHousekeepingBot
9701028	PatersBot
9701715	HRoestBot
9710412	Adlerbot
9716504	EuseBot
9721846	DefaultsortBot
9736096	MetaplasticityBot
9738871	SDPatrolBot
9743759	NukeBot
9745868	Ver-bot
9747859	BokimBot
9758377	Rameshngbot
9768060	DottyQuoteBot
9768455	Angria77Bot
9778222	ImageTagBot
9781674	PascalBot
9787724	EarwigBot III
9799918	NorefBot
9810518	AmphBot
9832167	LaraBot
98511	Janna Isabot
9884495	GregBot
9885709	SpeedyBot
9892229	RedBot
98934	NetBot
9900577	MastiBot
9914992	EdwardsBot
991764	WatchlistBot
9918750	MondalorBot
993350	Gnome (Bot)
9972143	Ipatrol-bot
9978044	AarghBot
